"customer_state","product_category_name","category_revenue","total_orders"
"SP","cama_mesa_banho","478284.52","4416"
"SP","beleza_saude","462305.22","3789"
"SP","relogios_presentes","435009.92","2135"
"SP","esporte_lazer","386357.01","3296"
"SP","informatica_acessorios","350747.88","2679"
"SP","moveis_decoracao","286708.02","2724"
"SP","utilidades_domesticas","275378.63","2781"
"SP","automotivo","214277.27","1615"
"SP","cool_stuff","213186.89","1314"
"SP","brinquedos","185561.83","1612"
"RJ","relogios_presentes","185379.65","817"
"SP","perfumaria","166630.55","1365"
"MG","beleza_saude","157558.30","1011"
"SP","bebes","156716.76","1184"
"SP","ferramentas_jardim","153180.74","1267"
"RJ","cama_mesa_banho","148035.23","1393"
"RJ","beleza_saude","145298.62","974"
"MG","cama_mesa_banho","129643.98","1129"
"RJ","esporte_lazer","125148.04","925"
"MG","relogios_presentes","123759.23","611"
"RJ","informatica_acessorios","120289.45","859"
"MG","esporte_lazer","112719.19","867"
"MG","informatica_acessorios","111069.74","877"
"SP","moveis_escritorio","108018.87","510"
"SP","telefonia","104088.28","1521"
"RJ","moveis_decoracao","98427.86","858"
"SP","papelaria","90598.73","982"
"SP","pet_shop","89396.15","771"
"RJ","cool_stuff","83909.95","503"
"MG","moveis_decoracao","78999.74","727"
"MG","utilidades_domesticas","78073.72","702"
"RJ","utilidades_domesticas","77675.57","746"
"RJ","brinquedos","74187.79","552"
"RJ","ferramentas_jardim","73505.37","550"
"MG","automotivo","72851.08","471"
"MG","cool_stuff","72778.48","434"
"SP","eletroportateis","72283.81","281"
"SP","instrumentos_musicais","69582.41","253"
"SP",NULL,"67194.60","589"
"RJ","automotivo","65838.10","413"
"SP","consoles_games","64100.25","462"
"SP","pcs","61993.27","50"
"SP","construcao_ferramentas_construcao","60894.73","337"
"MG","ferramentas_jardim","60649.22","488"
"RS","cama_mesa_banho","60270.74","540"
"PR","relogios_presentes","59967.04","274"
"MG","brinquedos","58888.20","458"
"PR","esporte_lazer","58630.20","428"
"SP","fashion_bolsas_e_acessorios","57242.30","780"
"SP","malas_acessorios","57144.97","420"
"PR","beleza_saude","54949.36","381"
"RS","moveis_decoracao","54813.58","444"
"RJ","perfumaria","54167.88","415"
"RS","esporte_lazer","53788.32","421"
"SP","eletronicos","53164.94","938"
"RS","informatica_acessorios","52757.73","390"
"BA","beleza_saude","51367.91","329"
"RS","beleza_saude","51327.72","396"
"PR","moveis_decoracao","49484.89","397"
"BA","relogios_presentes","48885.59","222"
"MG","perfumaria","48823.98","379"
"RS","relogios_presentes","48152.53","227"
"MG","bebes","47889.38","345"
"RJ","moveis_escritorio","46912.19","217"
"RS","cool_stuff","46676.34","255"
"PR","cama_mesa_banho","45598.47","402"
"PR","informatica_acessorios","44127.09","338"
"SC","esporte_lazer","44116.90","315"
"RJ","bebes","42318.52","345"
"PE","beleza_saude","41604.78","226"
"SC","beleza_saude","39760.16","287"
"RS","utilidades_domesticas","38994.63","350"
"BA","esporte_lazer","38644.61","257"
"RJ","telefonia","38434.07","407"
"SC","informatica_acessorios","37757.13","267"
"PR","cool_stuff","37539.12","203"
"RS","ferramentas_jardim","36678.70","232"
"MG","telefonia","35091.61","460"
"SP","casa_construcao","34286.58","204"
"SP","eletrodomesticos","33872.23","345"
"BA","informatica_acessorios","33589.91","222"
"SC","relogios_presentes","33419.33","164"
"RJ","papelaria","33333.33","305"
"GO","relogios_presentes","33257.72","143"
"SP","eletrodomesticos_2","33073.76","88"
"DF","relogios_presentes","32730.37","143"
"CE","beleza_saude","32419.18","156"
"SC","moveis_decoracao","32335.34","276"
"MG","pet_shop","31987.34","222"
"PR","utilidades_domesticas","31221.60","283"
"SC","cama_mesa_banho","31148.52","272"
"PE","relogios_presentes","31049.78","147"
"RS","bebes","30458.93","201"
"DF","beleza_saude","29862.82","223"
"BA","automotivo","29762.50","148"
"RJ","eletroportateis","29607.40","85"
"ES","relogios_presentes","29461.00","145"
"CE","relogios_presentes","29285.24","129"
"RS","brinquedos","29037.52","203"
"RJ","eletrodomesticos_2","28822.51","45"
"SC","cool_stuff","28498.80","148"
"GO","beleza_saude","28312.30","208"
"MG","moveis_escritorio","28150.24","134"
"PR","automotivo","28134.02","209"
"SC","automotivo","27531.28","164"
"SP","casa_conforto","27333.63","184"
"SC","utilidades_domesticas","27047.49","224"
"MG","instrumentos_musicais","27009.59","71"
"RJ","eletronicos","26364.61","400"
"RS","automotivo","26333.12","176"
"SP","agro_industria_e_comercio","25884.05","85"
"BA","cama_mesa_banho","25794.99","223"
"RJ","pet_shop","25752.52","199"
"MG","papelaria","25107.39","243"
"DF","informatica_acessorios","25029.33","136"
"BA","ferramentas_jardim","24228.51","145"
"PR","brinquedos","24200.11","201"
"SP","moveis_cozinha_area_de_servico_jantar_e_jardim","24029.26","124"
"RJ",NULL,"23900.61","199"
"BA","cool_stuff","23780.04","139"
"SC","ferramentas_jardim","23779.34","145"
"PA","beleza_saude","23755.83","101"
"MG","fashion_bolsas_e_acessorios","23580.11","248"
"BA","moveis_decoracao","23425.96","202"
"SP","moveis_sala","23332.23","161"
"RJ","pcs","23260.45","22"
"DF","esporte_lazer","22846.17","194"
"SP","climatizacao","22761.84","117"
"MG","malas_acessorios","22686.65","176"
"ES","cama_mesa_banho","22678.65","199"
"GO","cama_mesa_banho","22645.31","192"
"PA","relogios_presentes","22559.82","74"
"GO","cool_stuff","22528.09","86"
"PR","bebes","21764.45","152"
"BA","telefonia","21144.41","229"
"RJ","construcao_ferramentas_construcao","21078.25","105"
"BA","pcs","21043.99","19"
"MG","pcs","20973.00","18"
"MG","eletronicos","20831.49","260"
"PR","ferramentas_jardim","20681.03","174"
"RS","perfumaria","20554.25","146"
"RJ","instrumentos_musicais","20527.39","76"
"PE","esporte_lazer","20364.51","135"
"ES","beleza_saude","20214.49","153"
"ES","esporte_lazer","20113.19","157"
"MG","consoles_games","19952.67","122"
"RJ","telefonia_fixa","19566.18","27"
"GO","esporte_lazer","19547.25","151"
"SP","livros_interesse_geral","19293.65","214"
"RS","telefonia","19159.68","255"
"SP","construcao_ferramentas_iluminacao","18972.16","110"
"SP","industria_comercio_e_negocios","18520.70","115"
"MG",NULL,"18234.35","172"
"MG","construcao_ferramentas_construcao","18040.69","99"
"MG","eletroportateis","17762.09","61"
"SP","audio","17538.49","139"
"DF","automotivo","17389.04","104"
"RJ","consoles_games","17361.34","131"
"BA","utilidades_domesticas","17035.77","143"
"SC","bebes","16878.47","97"
"RJ","moveis_sala","16697.34","96"
"SP","portateis_casa_forno_e_cafe","16562.55","34"
"RJ","climatizacao","16446.20","60"
"DF","cama_mesa_banho","16390.51","173"
"RJ","fashion_bolsas_e_acessorios","16288.30","185"
"PB","beleza_saude","16286.98","77"
"PR","perfumaria","15833.32","138"
"SC","brinquedos","15783.32","115"
"PR","moveis_escritorio","15717.12","55"
"SP","telefonia_fixa","15582.33","97"
"SP","alimentos","15478.57","246"
"BA","bebes","15377.33","95"
"RS","eletroportateis","15317.70","39"
"MT","beleza_saude","15301.79","84"
"GO","ferramentas_jardim","15153.47","76"
"RJ","malas_acessorios","15062.48","117"
"MT","relogios_presentes","15006.91","59"
"SP","artes","14937.84","94"
"ES","informatica_acessorios","14840.67","139"
"GO","utilidades_domesticas","14836.10","101"
"BA","brinquedos","14707.03","116"
"PE","cool_stuff","14245.52","73"
"SP","construcao_ferramentas_seguranca","14227.47","56"
"BA","moveis_escritorio","14225.83","61"
"SC","perfumaria","13954.45","108"
"RN","beleza_saude","13886.47","57"
"GO","informatica_acessorios","13856.23","111"
"PB","relogios_presentes","13388.88","43"
"PR","telefonia","13273.28","226"
"DF","utilidades_domesticas","12988.35","123"
"PE","informatica_acessorios","12982.91","100"
"ES","moveis_decoracao","12912.72","114"
"AL","beleza_saude","12780.26","63"
"RS","papelaria","12769.01","137"
"MA","beleza_saude","12747.18","83"
"PA","esporte_lazer","12733.25","76"
"MA","informatica_acessorios","12581.43","65"
"GO","moveis_decoracao","12554.88","104"
"CE","informatica_acessorios","12504.75","85"
"DF","cool_stuff","12413.29","79"
"PE","automotivo","12339.95","82"
"CE","cool_stuff","12235.40","48"
"SC","telefonia","12175.47","165"
"ES","automotivo","12145.66","82"
"MG","agro_industria_e_comercio","12126.49","14"
"ES","utilidades_domesticas","12091.62","103"
"DF","moveis_decoracao","12080.71","109"
"CE","automotivo","11985.50","54"
"DF","brinquedos","11791.85","91"
"PA","informatica_acessorios","11694.09","84"
"AL","relogios_presentes","11683.27","35"
"DF","eletroportateis","11437.13","23"
"GO","automotivo","11360.75","75"
"MS","beleza_saude","11289.57","58"
"PR","papelaria","11231.99","121"
"PR","eletroportateis","11217.34","39"
"RS","pet_shop","11045.61","84"
"PR","eletronicos","10991.61","168"
"ES","cool_stuff","10909.83","63"
"MS","utilidades_domesticas","10861.74","34"
"RS","eletrodomesticos_2","10800.18","12"
"DF","pcs","10786.99","6"
"ES","ferramentas_jardim","10732.53","85"
"PE","telefonia","10608.94","122"
"ES","brinquedos","10571.56","93"
"CE","esporte_lazer","10551.62","89"
"RS","moveis_escritorio","10512.58","56"
"MT","automotivo","10507.41","51"
"SC","moveis_escritorio","10439.13","42"
"GO","perfumaria","10291.58","85"
"PI","beleza_saude","10290.19","51"
"PR","instrumentos_musicais","10233.49","34"
"RN","relogios_presentes","10160.42","47"
"PI","automotivo","10134.68","28"
"BA","instrumentos_musicais","10033.30","33"
"DF","perfumaria","9948.04","82"
"SP","moveis_quarto","9946.06","44"
"MA","relogios_presentes","9904.99","58"
"PA","bebes","9882.75","42"
"MS","informatica_acessorios","9878.79","55"
"SP","market_place","9824.63","105"
"BA","perfumaria","9723.01","80"
"GO","bebes","9631.87","54"
"PE","pcs","9596.97","9"
"PE","moveis_decoracao","9593.28","73"
"PE","cama_mesa_banho","9443.32","82"
"MT","esporte_lazer","9433.02","70"
"RJ","audio","9360.35","54"
"ES","telefonia","9323.35","104"
"DF","ferramentas_jardim","9247.14","45"
"CE","moveis_decoracao","9216.04","68"
"PR","construcao_ferramentas_construcao","9200.82","46"
"PA",NULL,"9178.96","18"
"MS","esporte_lazer","9177.09","61"
"SP","bebidas","9125.12","167"
"PA","moveis_decoracao","9121.44","54"
"RS","instrumentos_musicais","9106.60","30"
"RJ","eletrodomesticos","9064.48","83"
"SC","pet_shop","9018.00","79"
"PE","brinquedos","8949.20","57"
"SC","papelaria","8917.91","83"
"SE","beleza_saude","8883.66","40"
"MT","informatica_acessorios","8873.15","45"
"MT","ferramentas_jardim","8850.13","37"
"CE","perfumaria","8747.73","54"
"RS","consoles_games","8700.54","58"
"GO",NULL,"8659.88","51"
"DF","bebes","8621.37","66"
"RJ","agro_industria_e_comercio","8598.86","25"
"PR","portateis_casa_forno_e_cafe","8590.00","8"
"SC","eletroportateis","8589.04","26"
"MA","esporte_lazer","8568.87","59"
"RS","pcs","8546.89","8"
"PR",NULL,"8497.23","73"
"PR","pet_shop","8456.64","82"
"MG","casa_construcao","8383.40","58"
"RS",NULL,"8380.40","84"
"RS","eletronicos","8378.81","157"
"ES","bebes","8370.65","62"
"SC","eletronicos","8322.86","114"
"ES","telefonia_fixa","8213.78","6"
"RS","fashion_bolsas_e_acessorios","8172.47","77"
"MG","casa_conforto","8097.59","53"
"ES","pcs","8058.00","3"
"PA","telefonia","8037.41","70"
"SC","eletrodomesticos_2","7989.38","17"
"RJ","casa_conforto","7954.87","56"
"SP","sinalizacao_e_seguranca","7949.51","65"
"GO","brinquedos","7913.87","76"
"PR","fashion_bolsas_e_acessorios","7906.38","107"
"PA","automotivo","7870.47","45"
"CE","brinquedos","7869.80","63"
"MG","moveis_sala","7817.38","43"
"SC","instrumentos_musicais","7741.89","24"
"PI","relogios_presentes","7736.18","38"
"AL","informatica_acessorios","7714.36","34"
"CE","utilidades_domesticas","7643.31","47"
"MA","cool_stuff","7560.38","35"
"MG","construcao_ferramentas_seguranca","7546.76","25"
"CE","telefonia","7539.33","95"
"RS","casa_construcao","7497.72","37"
"SP","livros_tecnicos","7490.78","110"
"RJ","moveis_cozinha_area_de_servico_jantar_e_jardim","7487.34","43"
"SP","construcao_ferramentas_jardim","7482.75","80"
"PA","cool_stuff","7467.00","48"
"MT","cool_stuff","7408.52","45"
"PR","eletrodomesticos_2","7359.82","14"
"BA","papelaria","7355.95","76"
"SC",NULL,"7263.55","62"
"PB","informatica_acessorios","7218.07","41"
"PE","ferramentas_jardim","7213.53","58"
"MS","automotivo","7142.65","24"
"PB","pcs","7128.00","4"
"MT","cama_mesa_banho","7125.58","56"
"CE","pcs","7096.79","6"
"RO","beleza_saude","7085.76","23"
"RJ","casa_construcao","7067.68","51"
"CE","cama_mesa_banho","7020.79","68"
"RS","malas_acessorios","6959.95","56"
"MT","bebes","6936.53","34"
"SP","fashion_calcados","6898.60","84"
"BA","fashion_bolsas_e_acessorios","6795.79","70"
"MA","pcs","6786.98","5"
"SP","construcao_ferramentas_ferramentas","6786.25","32"
"PR","pcs","6676.98","4"
"PE","perfumaria","6585.83","47"
"ES","perfumaria","6577.55","60"
"MT","moveis_decoracao","6568.94","54"
"MG","eletrodomesticos_2","6535.78","20"
"RJ","construcao_ferramentas_jardim","6503.25","29"
"PR","consoles_games","6483.52","41"
"PR","malas_acessorios","6418.05","49"
"PE","instrumentos_musicais","6410.50","11"
"SP","alimentos_bebidas","6402.16","111"
"BA",NULL,"6306.93","46"
"MG","construcao_ferramentas_iluminacao","6267.15","36"
"BA","eletronicos","6252.13","98"
"MS","relogios_presentes","6251.90","29"
"DF","telefonia","6243.51","85"
"SC","fashion_bolsas_e_acessorios","6235.96","75"
"GO","telefonia","6169.94","115"
"MS","cool_stuff","6163.88","26"
"RS","eletrodomesticos","6141.38","44"
"CE","ferramentas_jardim","6135.84","46"
"SC","pcs","6069.98","5"
"SC","malas_acessorios","5926.77","35"
"MT","brinquedos","5857.16","39"
"PR","eletrodomesticos","5824.30","42"
"BA","pet_shop","5823.67","54"
"MS","moveis_decoracao","5819.66","45"
"MG","eletrodomesticos","5814.42","85"
"MS","cama_mesa_banho","5746.71","57"
"PA","ferramentas_jardim","5718.42","27"
"SE","cool_stuff","5686.67","17"
"PI","esporte_lazer","5675.69","31"
"PE","consoles_games","5651.24","20"
"MG","audio","5627.09","33"
"PE","agro_industria_e_comercio","5611.92","5"
"RJ","bebidas","5604.82","41"
"PB","ferramentas_jardim","5590.01","14"
"RS","construcao_ferramentas_construcao","5578.65","35"
"ES","papelaria","5503.36","47"
"PB","cool_stuff","5458.16","22"
"TO","relogios_presentes","5446.89","27"
"PE","utilidades_domesticas","5380.52","55"
"RN","telefonia","5303.29","22"
"MA","automotivo","5291.16","38"
"PI","informatica_acessorios","5276.15","36"
"MA","bebes","5275.28","27"
"ES","instrumentos_musicais","5247.38","19"
"ES","moveis_escritorio","5172.80","24"
"TO","esporte_lazer","5144.32","23"
"MS","ferramentas_jardim","5095.07","20"
"CE","eletroportateis","5043.29","8"
"DF","pet_shop","5037.71","35"
"MA","telefonia","5002.02","60"
"PB","esporte_lazer","4998.52","32"
"SC","construcao_ferramentas_construcao","4976.80","21"
"PE","bebes","4939.41","41"
"PR","agro_industria_e_comercio","4903.53","12"
"DF","papelaria","4853.09","45"
"TO","beleza_saude","4798.99","29"
"SC","portateis_casa_forno_e_cafe","4754.90","4"
"CE","moveis_escritorio","4716.76","22"
"GO","pet_shop","4692.63","25"
"MG","portateis_casa_forno_e_cafe","4668.38","10"
"PA","utilidades_domesticas","4660.21","31"
"MS","bebes","4610.22","28"
"BA","construcao_ferramentas_construcao","4594.70","26"
"GO","papelaria","4579.82","43"
"AL","automotivo","4578.54","21"
"MA","moveis_decoracao","4570.36","40"
"RO","relogios_presentes","4553.27","14"
"CE","bebes","4548.24","30"
"PE","papelaria","4526.59","47"
"AL","telefonia","4508.15","26"
"PA","perfumaria","4480.28","33"
"MG","livros_interesse_geral","4470.52","50"
"PB","moveis_decoracao","4441.71","31"
"MA","perfumaria","4436.58","30"
"SC","consoles_games","4387.53","33"
"MG","climatizacao","4379.11","18"
"TO","informatica_acessorios","4360.97","19"
"SP","fashion_roupa_masculina","4294.28","49"
"PI","bebes","4293.09","11"
"SP","dvds_blu_ray","4292.66","21"
"RJ","livros_interesse_geral","4249.16","55"
"BA","consoles_games","4247.14","33"
"SE","moveis_decoracao","4231.39","19"
"RN","automotivo","4222.61","17"
"PB","automotivo","4141.27","22"
"PE",NULL,"4137.63","17"
"BA","telefonia_fixa","4131.82","8"
"PA","moveis_escritorio","4115.24","21"
"RN","esporte_lazer","4101.37","20"
"SE","informatica_acessorios","4052.90","33"
"MS","brinquedos","3974.57","34"
"MA","cama_mesa_banho","3964.63","32"
"RJ","portateis_casa_forno_e_cafe","3911.09","7"
"MG","moveis_cozinha_area_de_servico_jantar_e_jardim","3886.46","27"
"SC","casa_construcao","3878.12","22"
"BA","eletroportateis","3871.96","18"
"PA","brinquedos","3836.62","29"
"MT","instrumentos_musicais","3818.70","5"
"PI","brinquedos","3808.80","28"
"RN","cool_stuff","3800.28","21"
"PI","cama_mesa_banho","3777.75","24"
"CE","eletronicos","3768.90","41"
"AL","esporte_lazer","3747.68","32"
"PI","ferramentas_jardim","3732.85","17"
"DF","fashion_bolsas_e_acessorios","3730.08","41"
"MT","moveis_escritorio","3720.77","14"
"ES","eletronicos","3716.14","73"
"MA","moveis_escritorio","3715.64","14"
"AL","moveis_decoracao","3713.29","25"
"SP","fashion_underwear_e_moda_praia","3670.75","54"
"CE","consoles_games","3664.05","16"
"MT","utilidades_domesticas","3640.50","40"
"RS","moveis_sala","3582.95","22"
"MS","instrumentos_musicais","3582.50","7"
"RJ","moveis_quarto","3577.96","17"
"ES","fashion_bolsas_e_acessorios","3569.94","45"
"SE","ferramentas_jardim","3568.13","19"
"GO","pcs","3559.97","2"
"CE",NULL,"3546.67","16"
"ES","consoles_games","3525.02","22"
"PE","moveis_escritorio","3519.57","19"
"PA","cama_mesa_banho","3506.54","34"
"MT","eletroportateis","3502.90","7"
"PB","cama_mesa_banho","3494.59","29"
"PI","cool_stuff","3490.87","20"
"MA","instrumentos_musicais","3477.05","9"
"MT","telefonia","3463.74","60"
"PR","moveis_cozinha_area_de_servico_jantar_e_jardim","3439.09","12"
"BA","malas_acessorios","3435.83","32"
"TO","cool_stuff","3429.41","16"
"CE","malas_acessorios","3416.50","21"
"PB","brinquedos","3408.07","15"
"RN","papelaria","3403.01","11"
"PA","eletroportateis","3366.25","8"
"PR","climatizacao","3353.81","10"
"PB","industria_comercio_e_negocios","3321.97","3"
"RO","esporte_lazer","3321.88","17"
"PA","pcs","3319.00","4"
"RN","cama_mesa_banho","3311.44","24"
"MG","fashion_calcados","3304.28","41"
"MA","brinquedos","3284.03","21"
"CE","instrumentos_musicais","3261.67","7"
"RJ","construcao_ferramentas_iluminacao","3257.91","19"
"RN","moveis_decoracao","3241.48","29"
"MT","construcao_ferramentas_construcao","3215.88","7"
"CE","papelaria","3173.43","31"
"PB","telefonia","3172.42","25"
"GO","moveis_escritorio","3161.93","21"
"GO","fashion_bolsas_e_acessorios","3160.69","45"
"RS","agro_industria_e_comercio","3155.93","9"
"RS","industria_comercio_e_negocios","3147.49","19"
"RJ","industria_comercio_e_negocios","3126.60","23"
"SE","esporte_lazer","3116.92","31"
"MT","papelaria","3113.16","24"
"RO","brinquedos","3079.05","13"
"SC","eletrodomesticos","3048.51","24"
"PR","livros_interesse_geral","3003.25","34"
"DF","moveis_escritorio","2997.74","19"
"RS","casa_conforto","2991.89","19"
"RJ","artes","2982.90","32"
"RN","perfumaria","2970.59","21"
"RJ","market_place","2967.74","34"
"MT","pet_shop","2936.20","14"
"MT","sinalizacao_e_seguranca","2919.40","1"
"SE","relogios_presentes","2896.00","20"
"MT","pcs","2889.99","2"
"PA","eletronicos","2875.88","27"
"PI","telefonia","2875.69","35"
"RN","ferramentas_jardim","2871.31","16"
"PE","pet_shop","2864.78","22"
"SC","construcao_ferramentas_seguranca","2850.64","12"
"PR","audio","2841.27","17"
"MT","perfumaria","2837.13","22"
"MG","market_place","2825.05","31"
"RJ","alimentos_bebidas","2811.40","41"
"RJ","alimentos","2808.31","41"
"RN","informatica_acessorios","2801.27","27"
"PB",NULL,"2791.34","9"
"DF","malas_acessorios","2776.85","23"
"AM","beleza_saude","2776.03","15"
"PR","casa_construcao","2748.11","21"
"BA","eletrodomesticos","2737.29","38"
"RJ","construcao_ferramentas_seguranca","2736.43","17"
"DF","eletrodomesticos_2","2733.90","5"
"DF",NULL,"2701.81","32"
"ES","construcao_ferramentas_construcao","2696.38","10"
"AL","consoles_games","2683.08","7"
"GO","eletroportateis","2679.88","10"
"GO","casa_construcao","2668.35","12"
"CE","fashion_bolsas_e_acessorios","2667.73","28"
"BA","casa_construcao","2654.23","11"
"CE","eletrodomesticos_2","2653.90","3"
"PE","construcao_ferramentas_construcao","2593.77","9"
"PB","eletronicos","2573.43","13"
"MS","pet_shop","2569.92","22"
"ES","malas_acessorios","2553.48","15"
"RS","livros_interesse_geral","2540.85","28"
"DF","instrumentos_musicais","2532.60","10"
"GO","construcao_ferramentas_ferramentas","2529.50","5"
"PI","utilidades_domesticas","2506.09","14"
"AL","cool_stuff","2500.94","16"
"SE","pcs","2500.00","2"
"RO","pcs","2499.90","2"
"PA","papelaria","2496.81","22"
"BA","moveis_sala","2494.43","17"
"SP","livros_importados","2484.50","33"
"DF","eletronicos","2458.04","50"
"SP","tablets_impressao_imagem","2449.76","31"
"RJ","sinalizacao_e_seguranca","2445.54","17"
"PB","utilidades_domesticas","2443.70","18"
"RO","cool_stuff","2440.14","12"
"MG","construcao_ferramentas_jardim","2432.03","21"
"TO","automotivo","2418.84","16"
"RS","telefonia_fixa","2402.76","18"
"PB","perfumaria","2402.07","18"
"GO","consoles_games","2386.84","21"
"BA","construcao_ferramentas_seguranca","2384.93","7"
"MA","utilidades_domesticas","2384.76","22"
"RJ","fashion_calcados","2381.11","23"
"SE","automotivo","2373.88","20"
"SE","telefonia","2365.89","27"
"PI","pcs","2349.99","3"
"AL","eletrodomesticos_2","2345.00","2"
"PE","fashion_bolsas_e_acessorios","2336.93","34"
"RN","bebes","2334.39","15"
"PB","eletrodomesticos","2310.00","2"
"RN","pet_shop","2301.68","9"
"GO","agro_industria_e_comercio","2298.39","6"
"BA","agro_industria_e_comercio","2257.00","3"
"RS","construcao_ferramentas_iluminacao","2252.53","18"
"RS","audio","2245.20","16"
"MG","moveis_quarto","2237.80","7"
"RO","bebes","2214.39","11"
"AL","pet_shop","2195.90","3"
"MS","construcao_ferramentas_seguranca","2185.89","2"
"PR","construcao_ferramentas_seguranca","2184.51","13"
"TO","bebes","2179.63","7"
"MA","ferramentas_jardim","2175.47","19"
"ES","pet_shop","2171.08","21"
"AP","informatica_acessorios","2149.52","7"
"ES","casa_construcao","2148.70","14"
"SP","artigos_de_natal","2143.98","44"
"BA","market_place","2135.69","4"
"SC","moveis_sala","2131.37","12"
"PB","papelaria","2130.18","16"
"MG","alimentos","2115.59","35"
"DF","consoles_games","2113.37","28"
"PA","fashion_bolsas_e_acessorios","2102.54","29"
"SP","musica","2093.25","12"
"SP","moveis_colchao_e_estofado","2083.90","22"
"RO","informatica_acessorios","2081.57","17"
"PB","eletroportateis","2068.36","4"
"GO","livros_interesse_geral","2062.59","13"
"PR","construcao_ferramentas_iluminacao","2061.88","13"
"BA","eletrodomesticos_2","2053.78","6"
"PR","moveis_sala","2052.51","14"
"AL","pcs","2049.99","2"
"DF","audio","2048.23","16"
"TO","moveis_decoracao","2047.09","14"
"SP","cine_foto","2033.91","28"
"AL","cama_mesa_banho","2023.04","19"
"PA","consoles_games","2013.73","14"
"MA","fashion_bolsas_e_acessorios","2004.74","22"
"PB","bebes","2002.57","13"
"RO","portateis_casa_forno_e_cafe","1999.00","1"
"TO","portateis_casa_forno_e_cafe","1999.00","1"
"CE","construcao_ferramentas_jardim","1988.00","7"
"PI","perfumaria","1985.57","16"
"AM","ferramentas_jardim","1980.88","5"
"PA","pet_shop","1979.88","11"
"RS","market_place","1978.53","21"
"GO","audio","1974.88","7"
"PE","eletronicos","1971.04","37"
"RS","moveis_cozinha_area_de_servico_jantar_e_jardim","1969.60","12"
"RN","brinquedos","1964.52","23"
"AM","informatica_acessorios","1960.74","11"
"MG","bebidas","1940.60","20"
"SC","telefonia_fixa","1916.88","5"
"MG","alimentos_bebidas","1913.90","20"
"MG","livros_tecnicos","1901.03","28"
"SC","livros_interesse_geral","1890.22","20"
"RN","utilidades_domesticas","1882.55","22"
"TO","brinquedos","1864.15","12"
"PB","telefonia_fixa","1845.79","4"
"SE","cama_mesa_banho","1812.17","14"
"AM","relogios_presentes","1811.35","11"
"TO","perfumaria","1804.93","12"
"DF","eletrodomesticos","1802.43","15"
"MS","perfumaria","1800.10","21"
"CE","construcao_ferramentas_construcao","1793.06","9"
"AL","perfumaria","1766.66","12"
"PR","livros_tecnicos","1764.45","15"
"PA","instrumentos_musicais","1733.37","9"
"RO","cama_mesa_banho","1732.27","15"
"SE","consoles_games","1731.99","5"
"MS","papelaria","1728.00","19"
"MG","construcao_ferramentas_ferramentas","1720.05","17"
"MS","construcao_ferramentas_construcao","1715.01","8"
"SE","instrumentos_musicais","1714.80","3"
"RS","climatizacao","1702.19","12"
"PR","alimentos","1694.20","27"
"CE","eletrodomesticos","1680.90","7"
"AC","esporte_lazer","1677.46","9"
"MG","industria_comercio_e_negocios","1675.96","14"
"PI","consoles_games","1670.49","7"
"RN","construcao_ferramentas_construcao","1655.57","6"
"RN","consoles_games","1654.96","6"
"AL","ferramentas_jardim","1648.08","13"
"AP","relogios_presentes","1639.80","7"
"PR","casa_conforto","1637.10","13"
"PE","malas_acessorios","1635.26","13"
"GO","malas_acessorios","1632.77","12"
"SC","casa_conforto","1626.19","12"
"RJ","livros_tecnicos","1621.68","29"
"ES",NULL,"1614.27","18"
"MA",NULL,"1600.92","11"
"ES","livros_interesse_geral","1594.85","8"
"SC","audio","1592.57","10"
"SP","artigos_de_festas","1585.88","18"
"CE","casa_construcao","1581.65","7"
"BA","portateis_casa_forno_e_cafe","1574.90","3"
"BA","construcao_ferramentas_jardim","1569.39","7"
"RO","moveis_decoracao","1545.18","10"
"ES","casa_conforto","1538.18","11"
"GO","eletrodomesticos_2","1537.90","3"
"MG","fashion_roupa_masculina","1536.73","14"
"PE","industria_comercio_e_negocios","1528.90","4"
"MA","moveis_sala","1519.90","2"
"PA","malas_acessorios","1515.63","7"
"PI","moveis_decoracao","1515.42","15"
"MS","eletronicos","1513.02","20"
"SC","construcao_ferramentas_iluminacao","1499.16","10"
"SE","eletroportateis","1486.70","3"
"AL","agro_industria_e_comercio","1476.30","1"
"MS","telefonia","1475.69","26"
"GO","instrumentos_musicais","1472.84","9"
"SC","industria_comercio_e_negocios","1470.88","13"
"MA","papelaria","1455.89","16"
"RN","fashion_bolsas_e_acessorios","1455.79","7"
"PR","bebidas","1449.32","10"
"SP","fashion_roupa_feminina","1448.97","20"
"SC","market_place","1448.69","14"
"SE","bebes","1447.49","8"
"PI","eletronicos","1446.84","22"
"ES","moveis_sala","1441.32","11"
"RN","eletrodomesticos_2","1439.90","2"
"AP","pcs","1437.00","1"
"RN","livros_interesse_geral","1432.60","22"
"BA","audio","1430.69","14"
"GO","industria_comercio_e_negocios","1428.14","6"
"MS","casa_construcao","1408.00","7"
"DF","moveis_sala","1405.66","7"
"PI","pet_shop","1396.78","7"
"RS","sinalizacao_e_seguranca","1392.45","14"
"TO","telefonia_fixa","1390.99","2"
"AC","relogios_presentes","1389.60","4"
"RO","automotivo","1389.16","10"
"AC","beleza_saude","1386.58","6"
"PI","moveis_escritorio","1382.60","9"
"PI","instrumentos_musicais","1381.60","5"
"GO","moveis_sala","1381.57","10"
"AP","beleza_saude","1380.58","10"
"RO","construcao_ferramentas_construcao","1374.50","4"
"MG","artes","1366.54","18"
"MS","malas_acessorios","1365.63","9"
"AM","esporte_lazer","1362.60","12"
"RJ","fashion_underwear_e_moda_praia","1359.47","14"
"CE","livros_interesse_geral","1353.05","7"
"RR","esporte_lazer","1350.60","6"
"PE","casa_construcao","1341.65","6"
"AM","pcs","1340.00","1"
"MA","consoles_games","1331.53","6"
"MT","consoles_games","1330.49","9"
"DF","moveis_cozinha_area_de_servico_jantar_e_jardim","1323.80","5"
"AC","moveis_decoracao","1316.44","7"
"MA","eletrodomesticos","1297.80","3"
"RO","perfumaria","1291.30","6"
"AC","informatica_acessorios","1290.48","7"
"TO","utilidades_domesticas","1275.75","12"
"DF","industria_comercio_e_negocios","1272.00","5"
"MG","artigos_de_natal","1271.33","18"
"TO","telefonia","1268.12","20"
"SE","utilidades_domesticas","1267.48","8"
"DF","livros_interesse_geral","1245.89","17"
"RN","moveis_escritorio","1244.72","5"
"MG","telefonia_fixa","1244.60","17"
"GO","construcao_ferramentas_construcao","1233.16","8"
"TO","moveis_escritorio","1226.54","5"
"PE","fashion_calcados","1221.42","11"
"AP","automotivo","1216.39","3"
"PI","papelaria","1208.60","10"
"PR","industria_comercio_e_negocios","1207.87","10"
"TO","ferramentas_jardim","1206.30","8"
"MA","malas_acessorios","1202.43","8"
"TO","pcs","1200.00","1"
"AC","pcs","1200.00","1"
"ES","audio","1197.78","13"
"AL","construcao_ferramentas_construcao","1195.00","2"
"PB","moveis_escritorio","1191.33","7"
"RO","malas_acessorios","1181.60","6"
"RS","construcao_ferramentas_seguranca","1176.31","7"
"BA","casa_conforto","1170.40","10"
"GO","musica","1165.97","1"
"PB","fashion_bolsas_e_acessorios","1151.07","12"
"ES","eletrodomesticos_2","1149.99","3"
"CE","pet_shop","1141.04","13"
"MT","malas_acessorios","1139.59","8"
"ES","livros_tecnicos","1138.60","14"
"MG","portateis_cozinha_e_preparadores_de_alimentos","1133.90","2"
"ES","eletrodomesticos","1120.96","15"
"RS","construcao_ferramentas_ferramentas","1113.40","8"
"GO","casa_conforto","1110.50","8"
"PA","agro_industria_e_comercio","1109.98","2"
"SC","cine_foto","1106.89","4"
"SE","eletronicos","1105.84","13"
"AC","telefonia","1103.96","5"
"MG","artigos_de_festas","1103.00","4"
"SE","brinquedos","1100.29","11"
"RO","moveis_escritorio","1087.86","5"
"SP","fraldas_higiene","1087.69","19"
"DF","construcao_ferramentas_construcao","1085.94","10"
"MT","casa_construcao","1085.28","6"
"RS","bebidas","1073.44","14"
"RJ","construcao_ferramentas_ferramentas","1072.68","9"
"GO","sinalizacao_e_seguranca","1071.34","5"
"MG","fashion_underwear_e_moda_praia","1070.80","13"
"SC","agro_industria_e_comercio","1069.98","3"
"PR","fashion_calcados","1067.02","16"
"PB","malas_acessorios","1066.49","7"
"MT","construcao_ferramentas_seguranca","1063.59","4"
"PR","fashion_roupa_masculina","1061.28","10"
"AL","brinquedos","1053.07","12"
"PE","moveis_cozinha_area_de_servico_jantar_e_jardim","1051.88","4"
"RR","beleza_saude","1050.61","6"
"PB","sinalizacao_e_seguranca","1050.00","1"
"MT",NULL,"1042.40","12"
"MS","fashion_bolsas_e_acessorios","1030.58","14"
"ES","tablets_impressao_imagem","1026.79","4"
"GO","fashion_calcados","1022.30","6"
"MT","eletrodomesticos","1022.29","8"
"AL","utilidades_domesticas","1020.36","9"
"RJ","moveis_colchao_e_estofado","1019.99","8"
"RJ","musica","1017.85","8"
"BA","livros_interesse_geral","1017.70","15"
"TO","eletrodomesticos_2","1016.98","3"
"PE","construcao_ferramentas_seguranca","1016.18","4"
"RS","construcao_ferramentas_jardim","1012.98","7"
"ES","construcao_ferramentas_iluminacao","1012.30","5"
"TO","cama_mesa_banho","1010.83","9"
"AL","moveis_escritorio","1009.84","3"
"PB","instrumentos_musicais","1007.80","4"
"AL","malas_acessorios","999.36","5"
"PE","construcao_ferramentas_jardim","995.54","6"
"BA","alimentos","991.41","15"
"RR","bebes","988.87","2"
"MT","eletronicos","985.66","22"
"GO","construcao_ferramentas_iluminacao","985.00","5"
"RS","portateis_cozinha_e_preparadores_de_alimentos","979.00","1"
"PA","portateis_cozinha_e_preparadores_de_alimentos","979.00","1"
"RO","pet_shop","975.53","8"
"SC","livros_tecnicos","975.23","9"
"PE","casa_conforto","970.40","6"
"RJ","fashion_roupa_masculina","967.37","12"
"ES","alimentos","963.69","14"
"BA","fashion_roupa_masculina","960.80","7"
"PE","eletrodomesticos_2","959.99","2"
"PB","casa_construcao","959.25","5"
"RR","eletrodomesticos","954.18","3"
"DF","fashion_calcados","944.59","7"
"GO","climatizacao","940.89","6"
"SP","fashion_esporte","939.80","12"
"PR","market_place","928.94","14"
"RS","livros_tecnicos","913.56","12"
"RJ","tablets_impressao_imagem","907.79","10"
"SP","artes_e_artesanato","906.25","15"
"MS","construcao_ferramentas_iluminacao","904.98","5"
"CE","audio","902.89","5"
"BA","artes","898.95","10"
"ES","climatizacao","898.80","6"
"SC","artigos_de_natal","898.12","11"
"SC","bebidas","891.91","14"
"SE","casa_construcao","884.95","3"
"CE","construcao_ferramentas_seguranca","882.63","5"
"PI","industria_comercio_e_negocios","874.30","3"
"PB","consoles_games","873.38","7"
"SE","moveis_sala","870.99","2"
"SE","perfumaria","868.72","6"
"ES","sinalizacao_e_seguranca","859.90","4"
"GO","eletronicos","854.75","32"
"MG","tablets_impressao_imagem","851.70","9"
"BA","fashion_calcados","851.50","7"
"MA","pet_shop","846.44","9"
"BA","climatizacao","832.86","6"
"ES","market_place","828.78","7"
"RS","cine_foto","821.58","9"
"PI","casa_construcao","820.60","4"
"MT","eletrodomesticos_2","815.79","3"
"AP","esporte_lazer","812.69","6"
"SP","pc_gamer","806.99","3"
"SC","moveis_quarto","803.00","3"
"DF","casa_construcao","793.64","7"
"DF","construcao_ferramentas_iluminacao","788.00","4"
"PB","pet_shop","786.48","8"
"PE","eletroportateis","781.89","3"
"ES","fashion_calcados","780.30","5"
"SE","construcao_ferramentas_construcao","779.90","1"
"MS","eletrodomesticos_2","769.69","3"
"AM","telefonia","766.00","14"
"MG","sinalizacao_e_seguranca","754.45","10"
"AM","casa_construcao","753.40","4"
"SC","fashion_calcados","750.10","5"
"DF","portateis_casa_forno_e_cafe","750.00","1"
"MS","portateis_casa_forno_e_cafe","750.00","1"
"MT","portateis_casa_forno_e_cafe","750.00","1"
"MA","livros_importados","749.00","1"
"SC","alimentos","747.44","14"
"BA","construcao_ferramentas_iluminacao","744.06","6"
"RS","fashion_calcados","742.80","10"
"MS","moveis_escritorio","739.77","4"
"SP","portateis_cozinha_e_preparadores_de_alimentos","736.31","7"
"MT","alimentos","734.40","6"
"MA","audio","733.88","3"
"AL","telefonia_fixa","731.87","4"
"AL","moveis_sala","729.79","3"
"SP","la_cuisine","729.00","5"
"AL","bebes","728.77","7"
"RS","alimentos","727.82","12"
"BA","sinalizacao_e_seguranca","725.84","6"
"AM","automotivo","723.90","4"
"RO","papelaria","723.60","7"
"AM","brinquedos","721.56","6"
"BA","livros_tecnicos","720.52","10"
"SC","moveis_cozinha_area_de_servico_jantar_e_jardim","714.48","6"
"GO","eletrodomesticos","714.28","14"
"MA","casa_construcao","713.76","4"
"PR","artes","710.82","9"
"BA","artigos_de_natal","703.21","8"
"PA","artigos_de_natal","701.40","1"
"AM","fashion_bolsas_e_acessorios","699.99","1"
"AM","papelaria","698.99","6"
"AC","bebes","697.84","3"
"MT","casa_conforto","687.80","3"
"MA","casa_conforto","685.90","2"
"MG","musica","683.33","6"
"AM","cama_mesa_banho","681.20","7"
"MT","cine_foto","675.99","1"
"DF","livros_tecnicos","672.80","4"
"MA","market_place","672.28","4"
"PE","alimentos_bebidas","672.01","5"
"MT","audio","671.80","4"
"AP","cama_mesa_banho","669.50","3"
"ES","eletroportateis","668.75","3"
"RO","telefonia","668.07","17"
"BA","moveis_quarto","667.00","4"
"MT","fashion_bolsas_e_acessorios","665.37","13"
"MT","market_place","662.24","5"
"MT","moveis_cozinha_area_de_servico_jantar_e_jardim","660.00","2"
"AM","bebes","657.69","5"
"AL","papelaria","655.01","8"
"PR","alimentos_bebidas","653.48","13"
"PA","eletrodomesticos","650.55","10"
"MT","construcao_ferramentas_iluminacao","649.99","3"
"PR","construcao_ferramentas_jardim","648.59","5"
"PE","livros_interesse_geral","643.08","8"
"PE","portateis_casa_forno_e_cafe","640.99","1"
"AM","cool_stuff","638.88","4"
"RS","fashion_roupa_masculina","638.79","7"
"BA","fashion_underwear_e_moda_praia","638.70","6"
"MS",NULL,"635.96","9"
"AC","livros_interesse_geral","633.80","2"
"RO","fashion_bolsas_e_acessorios","632.49","7"
"AL","casa_construcao","630.75","3"
"PI","malas_acessorios","630.59","5"
"AC","ferramentas_jardim","629.00","2"
"DF","sinalizacao_e_seguranca","626.03","4"
"GO","construcao_ferramentas_seguranca","622.40","6"
"RJ","artigos_de_natal","615.32","12"
"SC","sinalizacao_e_seguranca","612.50","5"
"RS","artes","611.44","9"
"RR","cama_mesa_banho","609.70","2"
"AP","eletronicos","607.55","3"
"PE","alimentos","603.55","8"
"CE","moveis_sala","602.98","2"
"PB","construcao_ferramentas_jardim","599.90","1"
"SC","climatizacao","599.60","1"
"PI","eletrodomesticos_2","599.50","1"
"MS","pcs","599.00","1"
"TO","casa_conforto","599.00","1"
"RR","moveis_decoracao","590.99","4"
"AP","agro_industria_e_comercio","589.99","1"
"PB","construcao_ferramentas_seguranca","589.90","3"
"BA","construcao_ferramentas_ferramentas","589.70","4"
"MT","climatizacao","585.80","3"
"RO",NULL,"579.66","5"
"PE","moveis_sala","578.79","4"
"RN",NULL,"578.54","6"
"PA","telefonia_fixa","577.99","1"
"AL",NULL,"574.98","4"
"PI",NULL,"574.17","7"
"PA","audio","568.00","1"
"AC","cama_mesa_banho","567.70","3"
"DF","artes","565.79","6"
"MG","moveis_colchao_e_estofado","561.49","3"
"MA","agro_industria_e_comercio","559.99","1"
"PR","musica","558.60","7"
"CE","market_place","558.35","4"
"RO","ferramentas_jardim","555.40","6"
"BA","alimentos_bebidas","550.42","6"
"AL","audio","550.09","5"
"ES","bebidas","546.42","5"
"MS","fashion_calcados","546.00","4"
"PA","fashion_calcados","542.40","4"
"AM",NULL,"541.80","1"
"AC","automotivo","540.98","4"
"AM","eletrodomesticos_2","540.00","1"
"AL","climatizacao","540.00","1"
"SE","market_place","533.80","3"
"MT","agro_industria_e_comercio","530.00","2"
"PB","agro_industria_e_comercio","528.99","2"
"AC","papelaria","528.90","2"
"RJ","cine_foto","528.60","5"
"MS","agro_industria_e_comercio","526.89","3"
"RO","utilidades_domesticas","525.97","5"
"DF","casa_conforto","521.50","6"
"DF","construcao_ferramentas_seguranca","520.18","3"
"MT","moveis_sala","519.88","3"
"ES","construcao_ferramentas_ferramentas","513.99","4"
"AC","utilidades_domesticas","513.06","3"
"TO",NULL,"511.99","4"
"DF","alimentos","511.08","7"
"DF","moveis_quarto","510.00","1"
"SE","moveis_escritorio","506.93","3"
"BA","tablets_impressao_imagem","505.80","5"
"PI","casa_conforto","498.89","3"
"SC","construcao_ferramentas_ferramentas","495.60","5"
"RS","portateis_casa_forno_e_cafe","494.90","3"
"MG","cine_foto","494.89","6"
"SC","la_cuisine","494.00","2"
"BA","bebidas","491.23","6"
"RJ","livros_importados","490.78","5"
"AP","utilidades_domesticas","490.49","4"
"ES","construcao_ferramentas_jardim","489.80","3"
"MG","artes_e_artesanato","488.78","6"
"PA","construcao_ferramentas_construcao","487.89","2"
"AC","eletronicos","487.55","4"
"PA","market_place","485.16","5"
"RS","artigos_de_natal","484.90","5"
"MT","fashion_calcados","478.50","3"
"MG","fashion_roupa_feminina","475.68","7"
"PB","moveis_sala","472.88","3"
"MT","moveis_quarto","469.80","1"
"PI","climatizacao","468.90","3"
"MS","consoles_games","468.07","6"
"RR","informatica_acessorios","468.01","5"
"DF","climatizacao","468.00","3"
"SE","fashion_bolsas_e_acessorios","466.50","8"
"BA","industria_comercio_e_negocios","465.00","4"
"GO","fashion_underwear_e_moda_praia","457.70","5"
"SP","casa_conforto_2","456.78","11"
"CE","agro_industria_e_comercio","452.90","2"
"RN","casa_construcao","452.60","1"
"MS","dvds_blu_ray","448.80","3"
"CE","climatizacao","446.16","2"
"ES","fashion_roupa_masculina","445.80","3"
"ES","agro_industria_e_comercio","442.30","2"
"MS","fashion_underwear_e_moda_praia","441.90","3"
"PE","audio","441.79","4"
"AM","instrumentos_musicais","439.00","1"
"SP","flores","438.67","10"
"RS","moveis_quarto","435.00","2"
"RN","eletrodomesticos","434.25","2"
"RS","la_cuisine","428.99","3"
"AM","consoles_games","423.30","2"
"PB","market_place","422.80","2"
"SC","artes","422.19","6"
"RJ","dvds_blu_ray","419.06","12"
"MS","moveis_sala","418.80","3"
"DF","construcao_ferramentas_jardim","410.70","5"
"RN","instrumentos_musicais","409.80","2"
"GO","telefonia_fixa","409.78","5"
"GO","artes","409.57","4"
"PB","moveis_cozinha_area_de_servico_jantar_e_jardim","409.00","1"
"AM","utilidades_domesticas","408.69","4"
"RN","fashion_calcados","399.40","2"
"GO","alimentos","398.46","6"
"RS","fashion_underwear_e_moda_praia","397.80","3"
"AM","malas_acessorios","390.80","2"
"GO","market_place","387.05","7"
"GO","bebidas","385.57","4"
"PE","construcao_ferramentas_iluminacao","384.98","3"
"MS","alimentos","384.26","4"
"MA","eletronicos","382.89","13"
"AM","pet_shop","374.79","4"
"PE","artigos_de_natal","372.45","4"
"CE","telefonia_fixa","369.79","3"
"RN","eletronicos","368.42","14"
"SC","fashion_underwear_e_moda_praia","367.20","7"
"AL","instrumentos_musicais","367.00","1"
"MG","livros_importados","364.87","6"
"PA","tablets_impressao_imagem","361.79","4"
"GO","artigos_de_natal","361.70","3"
"RS","artigos_de_festas","359.60","3"
"MS","sinalizacao_e_seguranca","358.00","1"
"RN","alimentos_bebidas","356.05","4"
"SP","cds_dvds_musicais","350.00","6"
"TO","malas_acessorios","349.80","2"
"AC","malas_acessorios","348.90","2"
"CE","alimentos","348.69","5"
"CE","casa_conforto","346.60","4"
"AL","fashion_calcados","346.42","3"
"AL","eletronicos","344.56","13"
"RN","moveis_cozinha_area_de_servico_jantar_e_jardim","339.90","2"
"RO","construcao_ferramentas_seguranca","339.90","1"
"TO","pet_shop","332.30","4"
"TO","fashion_bolsas_e_acessorios","331.39","6"
"GO","construcao_ferramentas_jardim","330.70","5"
"TO","consoles_games","328.70","3"
"DF","market_place","326.71","4"
"PI","agro_industria_e_comercio","318.98","3"
"PR","artigos_de_festas","317.60","2"
"BA","cine_foto","314.85","3"
"AP","cool_stuff","314.00","2"
"PE","livros_tecnicos","313.39","4"
"DF","artigos_de_natal","311.20","5"
"ES","alimentos_bebidas","311.00","6"
"DF","alimentos_bebidas","310.79","4"
"PI","telefonia_fixa","310.00","2"
"PB","construcao_ferramentas_ferramentas","309.00","1"
"GO","fashion_roupa_masculina","308.60","3"
"PI","eletrodomesticos","308.50","4"
"GO","moveis_cozinha_area_de_servico_jantar_e_jardim","305.76","2"
"AP","telefonia","304.78","4"
"AC","perfumaria","303.88","3"
"MT","livros_tecnicos","301.29","5"
"PI","construcao_ferramentas_jardim","300.30","4"
"RN","malas_acessorios","299.90","1"
"RS","musica","299.00","1"
"MA","livros_interesse_geral","299.00","3"
"AP","brinquedos","297.84","3"
"PI","construcao_ferramentas_iluminacao","297.00","1"
"PI","tablets_impressao_imagem","297.00","3"
"AC","fashion_calcados","295.60","2"
"AP","instrumentos_musicais","293.90","2"
"PR","cine_foto","293.60","2"
"PR","moveis_quarto","293.28","8"
"DF","bebidas","292.37","5"
"CE","alimentos_bebidas","291.86","3"
"RJ","artigos_de_festas","291.50","5"
"RR","moveis_escritorio","289.90","1"
"SE","malas_acessorios","289.70","3"
"SC","artes_e_artesanato","289.49","1"
"MT","industria_comercio_e_negocios","281.00","3"
"MS","eletroportateis","280.31","5"
"SP","fashion_roupa_infanto_juvenil","279.97","4"
"PR","telefonia_fixa","279.68","6"
"PI","fashion_bolsas_e_acessorios","277.80","5"
"PE","climatizacao","276.90","2"
"TO","papelaria","276.80","3"
"AC","consoles_games","276.14","1"
"PE","market_place","274.96","3"
"TO","construcao_ferramentas_iluminacao","274.00","2"
"PR","sinalizacao_e_seguranca","271.79","3"
"CE","livros_tecnicos","270.95","4"
"AP","moveis_decoracao","270.80","2"
"SE","moveis_quarto","269.98","2"
"MG","dvds_blu_ray","268.78","4"
"RN","eletroportateis","266.98","3"
"PR","construcao_ferramentas_ferramentas","266.98","7"
"MG","la_cuisine","266.00","2"
"PR","fashion_underwear_e_moda_praia","265.58","6"
"MG","fashion_esporte","264.90","2"
"MA","eletroportateis","262.90","2"
"RO","eletrodomesticos","261.58","2"
"RJ","pc_gamer","259.98","2"
"SC","artigos_de_festas","258.90","2"
"PA","fashion_roupa_masculina","256.89","2"
"RJ","flores","255.60","7"
"MS","eletrodomesticos","252.45","6"
"RN","moveis_quarto","252.00","2"
"SE","industria_comercio_e_negocios","252.00","3"
"PR","tablets_impressao_imagem","250.00","3"
"MA","construcao_ferramentas_iluminacao","250.00","1"
"PA","casa_construcao","249.80","2"
"CE","fashion_calcados","249.70","2"
"PA","cine_foto","249.70","2"
"DF","moveis_colchao_e_estofado","249.00","1"
"RS","alimentos_bebidas","249.00","4"
"RN","moveis_colchao_e_estofado","249.00","1"
"CE","industria_comercio_e_negocios","248.00","2"
"TO","moveis_sala","246.20","2"
"RR",NULL,"245.98","2"
"RO","eletronicos","245.25","6"
"RR","perfumaria","244.00","1"
"AP","ferramentas_jardim","239.99","2"
"PI","audio","239.70","4"
"PE","eletrodomesticos","237.65","5"
"AP","papelaria","234.90","2"
"AC","brinquedos","234.79","3"
"SC","construcao_ferramentas_jardim","234.20","4"
"AP","telefonia_fixa","232.94","2"
"DF","artigos_de_festas","231.20","1"
"PI","artigos_de_festas","231.20","1"
"MS","livros_interesse_geral","231.00","2"
"SE","construcao_ferramentas_iluminacao","230.00","1"
"RO","casa_conforto","229.00","1"
"AL","fashion_bolsas_e_acessorios","228.70","4"
"PB","construcao_ferramentas_construcao","226.90","1"
"RS","cds_dvds_musicais","225.00","3"
"PI","artes","221.98","1"
"RR","automotivo","219.90","1"
"CE","construcao_ferramentas_iluminacao","219.90","1"
"AL","market_place","219.90","2"
"PI","moveis_sala","219.80","2"
"SE","casa_conforto","219.00","1"
"RS","pc_gamer","219.00","1"
"RR","relogios_presentes","219.00","1"
"PI","alimentos_bebidas","215.56","1"
"AM","moveis_decoracao","215.28","4"
"PI","construcao_ferramentas_construcao","210.00","1"
"RR","ferramentas_jardim","210.00","2"
"PB","alimentos","208.90","3"
"SE","papelaria","208.80","3"
"AL","eletrodomesticos","206.55","3"
"MA","fashion_esporte","205.90","1"
"GO","fashion_roupa_feminina","204.80","2"
"TO","livros_tecnicos","204.60","2"
"BA","moveis_cozinha_area_de_servico_jantar_e_jardim","201.90","3"
"PE","fashion_underwear_e_moda_praia","201.90","2"
"MS","bebidas","199.96","4"
"PI","fashion_calcados","199.70","1"
"TO","fashion_calcados","199.70","1"
"AL","industria_comercio_e_negocios","199.00","1"
"MA","climatizacao","199.00","1"
"MS","tablets_impressao_imagem","198.00","1"
"PE","tablets_impressao_imagem","198.00","2"
"GO","livros_tecnicos","196.65","2"
"RJ","fraldas_higiene","194.90","2"
"PI","market_place","192.89","3"
"MS","audio","190.90","1"
"AM","eletrodomesticos","190.80","2"
"PR","artigos_de_natal","190.16","6"
"PE","construcao_ferramentas_ferramentas","190.00","1"
"MT","construcao_ferramentas_ferramentas","190.00","1"
"AL","alimentos","189.90","1"
"RN","audio","189.00","1"
"AM","moveis_escritorio","184.80","2"
"PB","livros_interesse_geral","184.69","3"
"RO","seguros_e_servicos","183.29","1"
"PA","fashion_underwear_e_moda_praia","181.70","3"
"MS","construcao_ferramentas_jardim","180.99","2"
"AM","market_place","180.00","1"
"PA","moveis_sala","179.99","1"
"MS","moveis_quarto","179.00","1"
"TO","audio","175.00","1"
"SE",NULL,"173.75","2"
"SE","pet_shop","172.54","3"
"PA","livros_interesse_geral","171.69","3"
"MS","livros_tecnicos","170.85","4"
"SE","sinalizacao_e_seguranca","169.98","1"
"PA","artes","169.89","2"
"RO","fashion_calcados","169.79","1"
"SC","fashion_esporte","169.75","3"
"RN","construcao_ferramentas_jardim","163.70","3"
"CE","artigos_de_natal","159.80","2"
"PA","fashion_esporte","159.60","1"
"GO","moveis_quarto","159.00","1"
"RS","dvds_blu_ray","153.60","4"
"MA","tablets_impressao_imagem","152.99","1"
"PI","fashion_underwear_e_moda_praia","152.00","1"
"CE","bebidas","150.47","2"
"RN","industria_comercio_e_negocios","150.00","1"
"RO","market_place","149.99","1"
"CE","musica","149.90","1"
"PI","alimentos","149.90","1"
"AM","alimentos","149.90","1"
"PA","sinalizacao_e_seguranca","149.70","1"
"PA","livros_tecnicos","148.89","2"
"RO","artes","148.64","2"
"TO","eletronicos","148.28","6"
"MT","fashion_roupa_masculina","147.50","1"
"DF","fashion_underwear_e_moda_praia","146.15","2"
"AP","artes","145.89","2"
"AL","moveis_cozinha_area_de_servico_jantar_e_jardim","144.00","1"
"TO","eletrodomesticos","143.75","1"
"PB","fashion_calcados","143.64","1"
"CE","moveis_cozinha_area_de_servico_jantar_e_jardim","140.00","1"
"RO","moveis_sala","139.90","1"
"PA","construcao_ferramentas_jardim","139.90","1"
"RN","construcao_ferramentas_seguranca","138.90","1"
"RO","artigos_de_natal","138.90","2"
"GO","la_cuisine","137.00","1"
"RS","livros_importados","136.89","2"
"ES","industria_comercio_e_negocios","136.00","2"
"SE","livros_interesse_geral","135.00","1"
"PI","livros_interesse_geral","133.90","1"
"AM","construcao_ferramentas_jardim","132.80","2"
"MS","artes","129.99","1"
"PE","pc_gamer","129.99","1"
"MG","pc_gamer","129.99","1"
"PA","livros_importados","129.98","1"
"RR","papelaria","129.98","2"
"RR","cool_stuff","129.98","2"
"DF","fashion_roupa_feminina","129.90","1"
"RN","market_place","129.80","2"
"RJ","fashion_esporte","129.80","2"
"DF","artes_e_artesanato","129.49","1"
"TO","moveis_cozinha_area_de_servico_jantar_e_jardim","129.00","1"
"PE","moveis_quarto","129.00","1"
"ES","artigos_de_natal","126.22","2"
"MA","industria_comercio_e_negocios","125.00","1"
"BA","fashion_esporte","124.89","2"
"PR","livros_importados","121.99","2"
"DF","dvds_blu_ray","120.79","3"
"PI","livros_tecnicos","120.00","2"
"SE","eletrodomesticos_2","119.99","1"
"SE","alimentos_bebidas","119.90","1"
"SC","moveis_colchao_e_estofado","119.70","2"
"GO","cine_foto","119.00","1"
"MS","market_place","118.89","2"
"MA","artigos_de_natal","116.90","1"
"ES","fashion_roupa_feminina","115.00","1"
"PB","artes","110.99","1"
"PE","artes","110.99","1"
"ES","fashion_underwear_e_moda_praia","110.00","1"
"RJ","fashion_roupa_infanto_juvenil","110.00","1"
"RS","casa_conforto_2","109.99","1"
"RJ","fashion_roupa_feminina","109.80","2"
"PE","flores","109.80","1"
"PB","fashion_roupa_feminina","109.80","1"
"MA","livros_tecnicos","105.79","3"
"PA","bebidas","105.00","1"
"PR","dvds_blu_ray","104.50","3"
"MA","alimentos_bebidas","103.99","2"
"RR","telefonia","100.43","4"
"RO","construcao_ferramentas_jardim","100.37","2"
"DF","seguros_e_servicos","100.00","1"
"AC","cool_stuff","99.99","1"
"DF","cine_foto","99.95","1"
"ES","moveis_quarto","99.90","1"
"RO","eletroportateis","99.90","1"
"RS","tablets_impressao_imagem","99.00","1"
"GO","tablets_impressao_imagem","99.00","1"
"RO","alimentos","98.99","1"
"PR","fraldas_higiene","97.00","2"
"MG","flores","96.29","4"
"ES","cine_foto","94.90","1"
"AM","perfumaria","94.89","2"
"CE","construcao_ferramentas_ferramentas","93.00","1"
"SC","alimentos_bebidas","90.70","3"
"PI","bebidas","90.00","1"
"MA","telefonia_fixa","90.00","1"
"RJ","cds_dvds_musicais","90.00","2"
"BA","fashion_roupa_infanto_juvenil","89.99","1"
"PR","fashion_roupa_feminina","89.90","2"
"MS","industria_comercio_e_negocios","89.90","1"
"AM","audio","89.90","1"
"AL","casa_conforto","89.90","1"
"AC","fashion_bolsas_e_acessorios","89.90","1"
"RN","casa_conforto","89.90","1"
"SC","fashion_roupa_infanto_juvenil","89.89","2"
"SC","fashion_roupa_masculina","89.89","2"
"PE","telefonia_fixa","89.88","3"
"AM","climatizacao","89.00","1"
"RO","agro_industria_e_comercio","88.00","1"
"AM","livros_interesse_geral","87.00","1"
"MS","casa_conforto","86.90","1"
"PB","casa_conforto","86.90","1"
"AP","consoles_games","85.95","1"
"GO","moveis_colchao_e_estofado","85.00","1"
"RJ","portateis_cozinha_e_preparadores_de_alimentos","83.90","1"
"SE","eletrodomesticos","80.00","1"
"RN","artes","79.99","1"
"TO","casa_construcao","79.90","1"
"AC","moveis_sala","79.90","1"
"MT","artigos_de_natal","79.90","1"
"RO","industria_comercio_e_negocios","79.90","1"
"MT","fashion_underwear_e_moda_praia","79.90","1"
"PB","audio","79.00","1"
"SE","construcao_ferramentas_seguranca","77.90","1"
"ES","flores","77.89","2"
"PE","sinalizacao_e_seguranca","77.80","1"
"BA","livros_importados","77.00","1"
"RS","flores","75.60","3"
"RN","sinalizacao_e_seguranca","75.00","1"
"DF","telefonia_fixa","72.98","3"
"MT","artes","69.99","1"
"SE","telefonia_fixa","69.98","1"
"RN","alimentos","69.90","2"
"AC","artigos_de_natal","69.90","1"
"TO","industria_comercio_e_negocios","69.00","1"
"AC",NULL,"66.90","2"
"RN","livros_tecnicos","65.00","1"
"MA","cds_dvds_musicais","65.00","1"
"BA","fashion_roupa_feminina","64.90","1"
"PA","alimentos_bebidas","64.60","1"
"GO","casa_conforto_2","64.50","4"
"TO","market_place","62.80","1"
"AC","market_place","62.80","1"
"ES","artigos_de_festas","62.50","2"
"AL","livros_interesse_geral","61.00","1"
"CE","fraldas_higiene","60.00","1"
"MA","fashion_roupa_masculina","59.90","1"
"SE","livros_importados","59.89","1"
"AP","pet_shop","59.80","1"
"AM","eletronicos","58.95","4"
"AM","artes","58.35","1"
"AC","eletroportateis","54.00","1"
"RJ","casa_conforto_2","51.60","2"
"MT","tablets_impressao_imagem","50.80","2"
"DF","musica","50.35","1"
"AM","tablets_impressao_imagem","50.00","1"
"MA","construcao_ferramentas_construcao","49.99","1"
"RS","fashion_esporte","49.98","2"
"PR","fashion_esporte","49.90","1"
"ES","artes","49.90","1"
"MA","cine_foto","49.80","1"
"PE","cine_foto","49.80","1"
"PA","moveis_cozinha_area_de_servico_jantar_e_jardim","48.90","1"
"ES","moveis_cozinha_area_de_servico_jantar_e_jardim","48.00","1"
"AM","bebidas","47.49","1"
"PB","fraldas_higiene","47.00","1"
"RO","livros_interesse_geral","44.99","1"
"SC","dvds_blu_ray","44.80","2"
"MT","livros_interesse_geral","44.50","2"
"AL","alimentos_bebidas","44.06","1"
"GO","artigos_de_festas","43.80","1"
"MG","fraldas_higiene","43.00","1"
"RO","instrumentos_musicais","39.90","1"
"MG","casa_conforto_2","38.70","3"
"BA","fraldas_higiene","38.00","1"
"AC","instrumentos_musicais","36.90","1"
"TO","instrumentos_musicais","36.90","1"
"PB","climatizacao","35.90","1"
"MS","artigos_de_natal","35.60","1"
"MT","fashion_roupa_feminina","34.99","1"
"GO","portateis_cozinha_e_preparadores_de_alimentos","34.90","1"
"PE","dvds_blu_ray","34.80","2"
"MS","telefonia_fixa","32.99","1"
"TO","livros_interesse_geral","32.90","1"
"MS","flores","31.20","1"
"CE","tablets_impressao_imagem","29.99","1"
"CE","fashion_roupa_masculina","29.99","1"
"PA","construcao_ferramentas_iluminacao","29.00","1"
"MA","fashion_calcados","27.90","1"
"RR","eletronicos","27.30","2"
"PA","construcao_ferramentas_ferramentas","27.00","1"
"PI","dvds_blu_ray","25.00","1"
"DF","fashion_esporte","24.99","1"
"GO","flores","24.99","1"
"SC","livros_importados","24.95","1"
"AL","dvds_blu_ray","24.90","1"
"RO","dvds_blu_ray","24.90","1"
"BA","portateis_cozinha_e_preparadores_de_alimentos","21.52","1"
"AM","telefonia_fixa","19.99","1"
"GO","dvds_blu_ray","19.90","1"
"RO","consoles_games","19.90","1"
"SC","fashion_roupa_feminina","19.90","1"
"RN","artigos_de_natal","19.83","1"
"MT","bebidas","19.49","1"
"MS","alimentos_bebidas","18.60","1"
"SE","alimentos","18.45","1"
"RN","dvds_blu_ray","16.90","1"
"AM","musica","16.10","1"
"AL","bebidas","15.49","1"
"PR","casa_conforto_2","12.90","1"
"ES","casa_conforto_2","12.90","1"
"BA","casa_conforto_2","12.90","1"
"MS","construcao_ferramentas_ferramentas","6.80","1"
